,A,B,C,D
2000-01-01,1.41336305393,-0.0875806323079,-0.679209303358,-2.59785264998
2000-01-02,0.344092419316,1.14926077174,0.330026200882,-2.86410853777
2000-01-03,0.620512209193,1.22490370403,-0.171643031994,-3.68554813977
2000-01-04,-0.689713633973,1.23565355193,0.0929465553133,-2.84084349241
2000-01-05,-1.28719672639,3.3839500488,0.345599520904,-3.55847555864
2000-01-06,0.331159434635,2.63593909525,0.426683193772,-3.41646764243
2000-01-07,1.93508831083,2.17188769109,-0.91028116319,-4.45360459713
2000-01-08,1.4139601843,0.665436292572,-0.863453987867,-4.98079906616
2000-01-09,1.84760452329,-1.57703899184,-0.689225124669,-5.83835306
2000-01-10,1.45588729237,-2.67901151371,-0.59647783852,-6.88661703641
2000-01-11,1.82901075478,-2.69117287464,0.126116731094,-6.97272982523
2000-01-12,2.97276838141,-2.85080850036,0.121024012616,-6.75504047577
2000-01-13,3.9027676268,-2.04548554855,1.18125058911,-7.48041058828
2000-01-14,4.99535144153,-2.90606320532,1.01526476064,-6.65597965491
2000-01-15,5.63465033905,-2.71684187319,1.96135913842,-6.67766895701
2000-01-16,4.91205962371,-3.41992695617,3.4096271469,-6.26981187736
2000-01-17,3.89448107693,-3.3741240594,4.52018558044,-6.10605829351
2000-01-18,4.27734420082,-2.90835290783,3.18405680243,-4.84784464513
2000-01-19,3.73461092369,-2.71345334263,4.32487241766,-4.67680523232
2000-01-20,4.55351867838,-3.37613134322,3.71530103791,-4.1438876758
2000-01-21,3.86610782429,-3.97842899876,3.47748772434,-6.41729104376
2000-01-22,3.17884110864,-4.77026439963,2.22726937799,-7.31706417236
2000-01-23,3.65098279937,-5.65512340179,1.37800077207,-7.94941216652
2000-01-24,3.37432358355,-5.7268213309,1.66377276394,-7.40293522084
2000-01-25,2.89671903488,-6.59819194819,1.80121478499,-9.18666272039
2000-01-26,2.70331512929,-7.64251992725,2.9931181627,-8.79275136155
2000-01-27,2.37495202587,-5.62846531752,3.2634228837,-8.56957400433
2000-01-28,3.41166898246,-5.84113312705,3.59775047102,-8.46847629653
2000-01-29,4.32714065427,-6.08136565513,4.02117073845,-8.6812999828
2000-01-30,5.86711607328,-5.09301202566,5.57502917743,-8.73092406862
2000-01-31,4.66646718719,-4.6544084768,7.01566139151,-10.0673826701
2000-02-01,4.38963660684,-4.43822823928,4.82487376407,-10.3090510955
2000-02-02,4.59045762015,-5.39749828759,4.10154082276,-12.2971200527
2000-02-03,3.29338824466,-6.56652282133,5.39153676651,-12.0832927214
2000-02-04,3.08602330947,-6.17305874996,3.72294291513,-12.7678714655
2000-02-05,2.98557861595,-6.48547067575,4.05845494181,-9.84135168078
2000-02-06,3.74206355079,-5.73951166933,4.56109304332,-9.35912270508
2000-02-07,3.87942791258,-7.58688557235,5.62913885219,-10.0752371789
2000-02-08,3.11407712177,-8.55112844645,4.71362889404,-10.1016157384
2000-02-09,1.06822159439,-9.333843555,4.10435548269,-10.8605310505
2000-02-10,0.479766910019,-10.0240451994,4.31725058474,-10.2241081904
2000-02-11,0.85999012349,-9.7136549,4.54801733403,-12.1037270547
2000-02-12,-0.0309612903826,-10.3755092484,6.82305304396,-12.6396627797
2000-02-13,0.123110840648,-9.64782840229,6.86363240855,-14.2529441535
2000-02-14,0.750655086854,-11.1162935718,7.11240338567,-15.3714849819
2000-02-15,1.57664263678,-11.4115847959,5.52146900702,-15.3797554789
2000-02-16,0.486069963433,-11.3381879141,6.8445270433,-16.2449764801
2000-02-17,-0.183537411987,-10.8769145315,6.77779391254,-15.3033904971
2000-02-18,0.608421508637,-9.23424272537,6.03795470447,-15.704262571
2000-02-19,-1.29211639013,-8.63530598967,7.30007007422,-15.9792385972
2000-02-20,-2.56749829441,-8.02851377081,6.18102871533,-15.9857842263
2000-02-21,-2.98321609237,-8.33452922379,4.96354492275,-13.5549710801
2000-02-22,-3.43144818492,-5.38437204786,5.05787432732,-13.0001179598
2000-02-23,-4.68182194441,-6.32302351624,4.22639219724,-14.1251114072
2000-02-24,-4.56193219608,-6.11297678831,4.51305907276,-13.8098072618
2000-02-25,-3.41713158361,-7.13954000375,5.32348190451,-13.4373527214
2000-02-26,-3.22521360383,-6.89421773652,4.48789768772,-13.1911932831
2000-02-27,-0.745258268081,-4.85153066042,4.98618591754,-12.7306679326
2000-02-28,0.517317465005,-5.2402104703,6.03047258757,-12.4434719905
2000-02-29,0.0977157670343,-4.887162057,4.998877483,-12.1851021914
2000-03-01,1.91763567602,-4.39820708608,5.10235607606,-12.4524051764
2000-03-02,1.99223721832,-6.04816581746,5.72021854649,-11.7639217275
2000-03-03,1.09742497298,-4.85177538878,6.81566365602,-11.3708062896
2000-03-04,-0.478466956885,-3.78783747076,6.28001057858,-11.5437202999
2000-03-05,-0.170852791909,-5.29198832655,5.45662978382,-12.2102722506
2000-03-06,-0.0913528867748,-3.07712942438,7.56536458136,-10.0030462046
2000-03-07,-0.555990953708,-4.0865587886,6.82594239493,-9.10682194166
2000-03-08,1.27064364359,-4.32493916264,6.26046193002,-9.3742333099
2000-03-09,0.0763408602308,-3.21192207567,6.10636364106,-8.40512092799
2000-03-10,0.406562592213,-2.53211067439,6.56979249083,-8.3323208026
2000-03-11,-0.418934613297,-3.10122842871,6.11809276253,-9.09298220133
2000-03-12,2.01330607322,-2.96126276956,6.57793608665,-9.98170977617
2000-03-13,2.97675604977,-2.13418274444,7.22486702948,-9.52537358191
2000-03-14,1.51681008953,-0.575599508715,7.72345274525,-10.0130789258
2000-03-15,2.17156744445,0.381637791357,6.76282380873,-10.4266456545
2000-03-16,2.27038964411,-1.13101902434,9.44021331293,-11.0172323985
2000-03-17,2.31405850616,-1.82942058797,9.29686264442,-11.7921566081
2000-03-18,0.999393581189,-2.22346120314,9.4193403605,-13.9278885812
2000-03-19,2.26899607682,-2.45126697836,9.95733844751,-11.9763051264
2000-03-20,3.5332145889,-1.87638619271,8.42480470087,-10.912493976
2000-03-21,3.3078534538,-1.46190683555,7.8173960104,-11.9181546645
2000-03-22,4.55266305093,-0.823960057152,7.16909774453,-10.869431068
2000-03-23,4.47286246418,-1.85437311727,7.69447837898,-11.0559161596
2000-03-24,3.23991890161,-3.65972475983,5.83631543991,-10.6655634698
2000-03-25,3.30069480444,-2.15223198605,6.0600768027,-10.6843720515
2000-03-26,3.95694070951,-1.37423647498,6.17916579657,-10.5434461051
2000-03-27,4.46226962142,-1.39819218407,5.75940051642,-11.4890295468
2000-03-28,5.53107325293,-0.223022191067,7.04061988817,-10.825007234
2000-03-29,4.99091511791,0.329104048762,5.05229486922,-12.0875101943
2000-03-30,3.2068494896,-0.0261536698992,6.01121607564,-12.4656654095
2000-03-31,3.26465648155,0.349176554831,6.19785920614,-11.3420372995
2000-04-01,4.1038393453,0.0819030509563,6.05383234882,-9.53462128605
2000-04-02,3.70500693382,1.79900960569,6.9260104989,-8.37119287757
2000-04-03,3.80976907236,0.942382240242,8.6569036948,-8.92771740803
2000-04-04,3.01153229998,-0.108405514595,9.02251470113,-7.98403348528
2000-04-05,4.1002301456,-0.0405083667575,8.82463309509,-8.92580456291
2000-04-06,3.48539442626,2.1851972551,8.1140660623,-9.50787182578
2000-04-07,3.70837799114,2.44734881044,7.36729910517,-9.21573829996
2000-04-08,4.02419175093,2.35843845447,7.27721987678,-9.56605030785
2000-04-09,4.3115963374,3.68277447649,7.07351024018,-8.49379347252
2000-04-10,3.88701647985,4.1948562904,7.64309950817,-6.7077148437
2000-04-11,4.92108983446,4.93173928597,7.85220230801,-7.99993620215
2000-04-12,5.27830268624,5.73172827449,7.47749218942,-8.57040065041
2000-04-13,4.62578718539,6.18605402009,9.84889043402,-9.87607209349
2000-04-14,5.94112761104,7.47018728048,11.792943737,-11.7967308279
2000-04-15,6.21256464617,8.56580936645,11.7607229228,-13.4563135782
2000-04-16,5.32198972098,7.3933090899,13.9656506653,-12.3495077817
2000-04-17,6.30117898452,7.90445788121,14.0226946191,-11.3879486161
2000-04-18,4.90092207535,7.59650548214,13.351096606,-10.207032924
2000-04-19,7.37546348843,8.20605173542,13.0300045973,-10.5085814411
2000-04-20,9.5304710693,5.98494338129,12.3336657284,-10.5568088623
2000-04-21,10.125372537,5.14657376092,11.6204833335,-9.93072917008
2000-04-22,10.3599764092,4.19975743373,12.284475004,-9.50564394165
2000-04-23,11.5293838409,4.6943013204,11.4380941123,-9.62534957741
2000-04-24,11.5403507248,4.73935102253,13.927187649,-9.65759652459
2000-04-25,11.0918304854,4.47666257014,13.2638835904,-10.2885056408
2000-04-26,10.7560668264,3.67470346263,11.8539713629,-10.6544876219
2000-04-27,10.7656108965,4.02590632355,13.5083636952,-12.048133982
2000-04-28,11.706588012,3.27856662122,12.1499117863,-14.3359597541
2000-04-29,11.8782370787,3.65739858988,13.2683438245,-13.8949389861
2000-04-30,13.1086962839,3.52665526818,12.3483201002,-13.6169347319
2000-05-01,13.9013709507,3.4580959161,13.5072232068,-13.7178504903
2000-05-02,13.2332123208,1.63995099571,12.8333445629,-12.9948489959
2000-05-03,15.1353804798,1.34297963148,12.5215387837,-14.5565638975
2000-05-04,17.8213273015,0.604041873694,11.6928636447,-15.7746744255
2000-05-05,18.1565150006,-0.147151708557,11.4193135431,-15.033148351
2000-05-06,19.0097018838,-1.10782850467,11.3630205754,-15.1054719671
2000-05-07,18.8869829903,-1.97580010559,10.9974564815,-15.4509285461
2000-05-08,18.0672081225,-0.461009405575,11.3628954211,-16.5438122587
2000-05-09,18.1117888178,-1.63359703981,10.4705506819,-15.7757370326
2000-05-10,17.7283383895,-0.150766522334,11.0299657226,-15.3354590748
2000-05-11,18.1178789132,0.314773518181,11.7178787457,-14.6436723036
2000-05-12,18.5360543244,0.0320971780585,11.9506878811,-17.4345870029
2000-05-13,17.55452686,2.88128104108,12.1712031254,-18.4077403558
2000-05-14,16.1180947775,3.01076269342,11.8478213281,-19.735682049
2000-05-15,17.020717196,4.5158620015,11.5796236311,-20.2754050885
2000-05-16,16.155726786,5.68734447021,9.62344433102,-21.2437707772
2000-05-17,17.1728210444,5.3646562101,8.63413272026,-19.3425832542
2000-05-18,16.7956408808,4.51594791468,7.65428966535,-19.0440151097
2000-05-19,16.9668003145,4.7231176705,9.53653149219,-17.0535481765
2000-05-20,15.3360730182,4.40383284492,11.0560176143,-17.4169036408
2000-05-21,14.2726841799,3.81943614074,10.1673092869,-17.3187906308
2000-05-22,12.147051402,2.46583218019,11.2366552859,-16.3338524079
2000-05-23,13.4849882942,1.75924569105,11.910046464,-17.2282482178
2000-05-24,13.8136155533,3.13513349732,12.6325945225,-17.8099042881
2000-05-25,15.4118530945,3.96228802813,12.351204299,-17.4754281163
2000-05-26,15.2544113265,2.09580688414,12.584652087,-16.8074828638
2000-05-27,14.0382306631,1.56701927099,13.2748789371,-15.854491232
2000-05-28,13.3826203237,-0.0400934227367,13.8197010781,-15.4983872669
2000-05-29,13.5074300055,0.633214384657,13.264780081,-17.2975004182
2000-05-30,11.899259278,-0.402259541484,13.791909892,-17.5091742667
2000-05-31,12.3148091101,-0.659357408357,13.4319827664,-16.0632703558
2000-06-01,11.0435986223,-0.535909080978,13.5671848001,-15.667657161
2000-06-02,11.5607299573,-0.238593439737,13.7744701403,-15.2691913884
2000-06-03,10.7097651256,-0.448552744582,14.8315185073,-13.4806227261
2000-06-04,11.097128223,-0.360836993159,14.6079828392,-14.8405124205
2000-06-05,11.0213513145,-1.74097933896,13.6713161162,-14.1991403611
2000-06-06,10.9913948054,-2.11310976736,14.5386572255,-14.2291873913
2000-06-07,11.2936347907,-2.05127566025,14.2642553597,-14.2589319023
2000-06-08,11.3985461532,-0.844521906975,14.7798793793,-12.8888851028
2000-06-09,13.3975621345,-2.63496010235,14.5511784142,-13.541591809
2000-06-10,12.348913738,-2.73425556201,13.7126479679,-12.7095655672
2000-06-11,12.7249461941,-3.69298510008,13.9211623889,-12.5052302322
2000-06-12,12.3697719362,-3.50990525139,13.2889572084,-11.4581733047
2000-06-13,11.260884472,-3.46364595733,14.5997516736,-11.713998244
2000-06-14,11.3925424762,-4.79371467638,12.774857373,-12.8141429187
2000-06-15,13.043473164,-4.56416831634,12.3401167054,-13.8912747327
2000-06-16,13.7419160477,-5.49147051279,13.1584467535,-15.0115968874
2000-06-17,14.5805929641,-5.61723797457,13.0215201127,-16.2609198597
2000-06-18,12.3791183512,-5.21709811728,13.068782585,-15.5155293428
2000-06-19,10.5488373484,-4.52917550089,14.4138785869,-15.6911681601
2000-06-20,10.301114695,-5.85716207906,14.0004302005,-15.2997293922
2000-06-21,9.63459456587,-5.9825309968,13.5921399471,-15.4716866365
2000-06-22,8.52764593506,-6.22256911769,14.1109552181,-16.4308292118
2000-06-23,8.35924161365,-8.34238508517,13.9653792968,-18.5363793857
2000-06-24,7.31919381755,-8.17407730039,13.0851507401,-20.2618439587
2000-06-25,8.18658319277,-8.11726124162,14.308011299,-20.9600432621
2000-06-26,7.6842052428,-7.5812689371,13.7109740825,-21.363840905
2000-06-27,7.43675541454,-5.51037428643,12.9516225767,-21.9209357852
2000-06-28,7.09206746969,-5.74983103289,12.8344493557,-22.0003654604
2000-06-29,7.23258010418,-4.04359041488,12.6810889136,-21.7080903643
2000-06-30,7.08412174553,-4.13480736416,12.3282530152,-20.4605208046
2000-07-01,6.4706491102,-3.7794577119,13.4839586228,-19.8525908745
2000-07-02,5.32015229275,-3.66819087849,14.9101514447,-20.8342135543
2000-07-03,5.52239355278,-2.28510449808,14.8301856261,-21.8719477101
2000-07-04,4.70233053116,-1.47842965883,14.1363178565,-21.7093906944
2000-07-05,5.24551288191,-1.84484814493,16.0854044526,-24.2211175382
2000-07-06,5.0214328525,-1.25861906945,15.9746899887,-24.0440575663
2000-07-07,6.64044044475,0.307625912456,17.6055173772,-23.2716636336
2000-07-08,7.95562934054,0.980879139662,19.1524302339,-23.2590812246
2000-07-09,5.89639211023,2.16407917399,18.3201527901,-23.1958843606
2000-07-10,8.11784100427,3.83816767019,17.9465189724,-24.3439179249
2000-07-11,6.57327105166,3.41668865455,17.6503524059,-24.0767057786
2000-07-12,8.11100207932,3.46568578521,19.369362314,-25.2447091369
2000-07-13,6.40952483374,5.37095933859,19.444841926,-26.3902025522
2000-07-14,5.85594778337,4.71091671551,19.5829525603,-27.010708674
2000-07-15,6.04688315077,3.8244702509,20.0244636154,-27.0261695009
2000-07-16,5.97395398287,5.18820424432,18.0352310769,-27.7725902766
2000-07-17,4.53513105938,4.98400950082,17.3026343664,-27.9393374443
2000-07-18,3.97299050294,5.90137643636,17.8639223986,-28.4920532205
2000-07-19,4.83385757636,5.54937955448,18.7156630142,-28.2402515668
2000-07-20,4.99940603921,4.61176357295,17.4865656705,-27.5889153731
2000-07-21,5.92201288661,4.1888958003,15.8519925127,-26.7796899589
2000-07-22,6.01363488665,4.22361542687,16.0696606846,-26.7436396552
2000-07-23,5.89167439357,4.37199369548,16.1449999083,-27.0591156596
2000-07-24,5.59460283234,4.62829583846,15.6161375238,-27.9392091657
2000-07-25,6.37650166356,3.93873016523,15.7221089545,-28.30330231
2000-07-26,6.51706192752,5.06406949588,17.8671683378,-29.1968407953
2000-07-27,6.38205779087,5.74885875812,17.1692618208,-29.8861292163
2000-07-28,7.3745290773,7.04438195577,17.6660355992,-29.5183015055
2000-07-29,7.77702271958,7.19413416218,18.4113876937,-29.9603555592
2000-07-30,8.80517016572,8.05748846519,16.628457993,-30.5006112192
2000-07-31,8.2823294716,7.15184774287,16.9609370595,-29.9651423552
2000-08-01,8.6871341182,5.16094752405,16.3191698035,-30.6339446397
2000-08-02,8.43371278713,6.25239744738,16.8998784779,-30.9525902558
2000-08-03,8.24254538932,7.74646286379,17.0172868793,-30.5858077593
2000-08-04,7.82485765909,6.90959162947,16.9802720344,-32.5439329089
2000-08-05,8.44807723398,6.50054697708,16.9146282832,-31.5341550573
2000-08-06,7.92864909822,6.22022756375,19.369740126,-31.2352450055
2000-08-07,6.70623782177,5.00737486287,20.5950924373,-31.5708326798
2000-08-08,7.94899846765,6.18040213876,21.0461857469,-32.5491835238
2000-08-09,6.86937614026,7.38827939515,19.7639537711,-32.5996301217
2000-08-10,7.57346151853,7.53939161806,20.4900297207,-32.2667995361
2000-08-11,6.96898836258,9.27746977558,19.9785492112,-31.8817964062
2000-08-12,6.40508227107,9.12680709233,20.8521798846,-32.3094855703
2000-08-13,7.58628861113,8.21889877968,19.8753326664,-33.4738823474
2000-08-14,6.41618850406,8.38385984042,20.2238307702,-33.533239136
2000-08-15,6.42496779554,8.86093357425,19.1966548582,-32.8363273581
2000-08-16,5.77556781677,9.36688187407,18.1330774133,-32.7920153154
2000-08-17,5.31644750948,7.62797446811,17.3902863409,-32.6311419605
2000-08-18,6.04356819836,6.17155750036,18.2301421112,-31.8147552973
2000-08-19,6.83039110899,8.38004728834,18.7840896422,-32.9834639743
2000-08-20,6.39120259929,8.06488436163,18.1633883662,-32.8770831956
2000-08-21,8.0251948131,9.47112861099,18.3832024289,-31.9914708506
2000-08-22,8.01750265337,9.13366210605,17.9641889944,-32.6155384456
2000-08-23,8.02408608361,8.99950817491,18.282290836,-32.6685740237
2000-08-24,8.79644590538,10.9772113824,17.6199053765,-33.0610399529
2000-08-25,5.70316757279,12.1662412101,19.8458358223,-32.595257743
2000-08-26,4.95825515376,10.1651530788,20.6870775418,-32.2732107766
2000-08-27,4.91761694852,10.274983426,18.7795388465,-31.2981643531
2000-08-28,4.20323123891,11.6561287859,17.9955740921,-32.4750548645
2000-08-29,2.39658929468,12.3396495872,18.704414537,-31.4960085799
2000-08-30,-0.00928464684172,11.7727896119,19.4416854403,-33.9660209437
2000-08-31,0.0778673537571,12.2646894425,19.6002797972,-35.29865045
2000-09-01,0.513534548827,13.3551488121,19.4686206731,-37.3838749334
2000-09-02,-1.19659045925,13.8214877605,19.5304924584,-37.7630370129
2000-09-03,-0.0105853463101,15.1740217182,19.3554536166,-37.6541354437
2000-09-04,-0.0198108161068,15.2885342522,19.2080232103,-38.4103525509
2000-09-05,-1.09363665448,14.4446648463,18.9000131234,-38.3621497688
2000-09-06,-0.858024213639,14.1503704791,16.9648326913,-37.9450968912
2000-09-07,0.197777512437,13.0022653984,16.3089914006,-37.8312399588
2000-09-08,1.49550130439,14.4852101888,17.2145635771,-37.1256688042
2000-09-09,1.84653815021,14.4733395053,15.8398965741,-35.9085871163
2000-09-10,2.75302874605,14.4423001039,15.5325125631,-36.6272171058
2000-09-11,3.23655215238,14.7332336419,14.4818367479,-37.0481394544
2000-09-12,1.11808985968,14.0985850866,13.3046351584,-37.3767493427
2000-09-13,2.27511454007,15.0902494259,10.9922162007,-38.8628080482
2000-09-14,1.03199871172,15.4694271595,10.3194939921,-38.4017965451
2000-09-15,2.1514865697,17.3904187788,9.40614041098,-39.5768912369
2000-09-16,4.4781699851,15.6631408313,10.1226941249,-41.8643694593
2000-09-17,4.69871993903,15.1659260021,9.66016061355,-38.8948404472
2000-09-18,4.31821857369,14.6894546504,9.81152952221,-36.0371021277
2000-09-19,2.3491198077,14.3112492332,10.6823390323,-33.9853227608
2000-09-20,2.72361133084,14.9634000216,10.5776465591,-35.0542408542
2000-09-21,3.62129020022,14.1703480419,10.2356331721,-36.9769949501
2000-09-22,3.05097302938,14.9735086919,10.0538988417,-37.2038395143
2000-09-23,0.481764618734,15.9629109345,9.23887330697,-37.393412168
2000-09-24,-0.369608473317,17.2956267041,10.7152074968,-39.0068951698
2000-09-25,-1.64776091434,17.7942483375,10.2272186186,-37.3857648783
2000-09-26,0.900944361665,16.5817393547,10.0450690361,-37.101341028
2000-09-27,1.00979355445,17.0730053806,9.06441886039,-38.2884260333
2000-09-28,0.187056848584,17.5295720955,9.39127913554,-38.8526425238
2000-09-29,1.63915066972,17.2451659957,9.48428302968,-39.2609987438
2000-09-30,2.74969274016,18.1492643002,9.48731530812,-38.5293866549
2000-10-01,4.46754097583,17.9795130975,10.8719072556,-39.1019924525
2000-10-02,3.3686836767,18.665188979,9.83664022104,-38.9403575636
2000-10-03,3.24436731019,19.4178242628,10.8319811036,-38.7513599067
2000-10-04,1.99799566568,18.7317322216,8.96827598736,-39.5311942204
2000-10-05,1.02812728191,17.5675611156,6.838188426,-40.2526540226
2000-10-06,1.20542199916,17.3309043848,7.14724228388,-38.5281927214
2000-10-07,0.375073517381,14.8488732445,8.28532132592,-38.7739467076
2000-10-08,1.19976167387,15.428440531,8.25612570693,-39.9891080375
2000-10-09,2.24357676422,12.712098813,9.12957899565,-40.091175006
2000-10-10,1.24283135434,11.5986798098,9.83008135429,-41.1705956663
2000-10-11,1.66643894173,10.878620711,10.2019076169,-41.3685617462
2000-10-12,3.31419195539,10.4540928469,10.9458862999,-40.6020337539
2000-10-13,2.71163887145,8.41237285816,10.6576810998,-41.4209880228
2000-10-14,2.68560369648,8.32053115116,10.8009823,-39.9343034198
2000-10-15,3.71530385585,8.6766725347,10.866086455,-39.6954228273
2000-10-16,5.30237545063,10.672624222,10.2626670628,-41.1702464955
2000-10-17,4.72416275796,11.9919798292,10.6144503784,-41.4138469641
2000-10-18,5.21072277186,13.6541304502,9.99509057206,-44.0393092078
2000-10-19,4.86745266662,13.2889094039,9.75057652155,-44.6027652679
2000-10-20,6.37385059026,14.2098989209,10.7844941701,-43.8718974939
2000-10-21,6.12900865431,13.8057038814,9.72962311494,-43.4797052249
2000-10-22,8.65167201282,15.9011474514,10.1374254854,-43.4654879184
2000-10-23,9.3499055415,16.0694922202,10.2170149133,-43.8926667413
2000-10-24,10.3003884183,16.1988057373,10.8333141696,-44.5252799393
2000-10-25,10.9714995302,17.5446772466,10.1508109544,-45.7147620305
2000-10-26,11.9907070668,16.6257198998,10.9659821914,-45.5631486209
2000-10-27,12.2142361373,16.4893563619,9.33737073319,-45.1589394771
2000-10-28,12.0505886631,16.8552628597,9.07403834958,-44.0770735216
2000-10-29,12.188692394,17.3870622895,9.27019265151,-42.8929908073
2000-10-30,12.4973899869,17.223484841,9.83413185388,-42.16515236
2000-10-31,12.2675703379,18.7729676928,8.14452243189,-41.112460639
2000-11-01,12.9423628781,19.8188884901,6.52016183821,-41.3645921642
2000-11-02,12.9057963804,20.9435930804,6.81950595256,-42.2784915843
2000-11-03,13.6391987591,19.2891744738,7.47869874616,-41.3038629503
2000-11-04,14.0619573677,18.4573787799,7.16711490271,-42.7543956914
2000-11-05,13.4570428787,17.8519019568,6.97820959928,-42.3725836478
2000-11-06,12.5194268318,19.0587837192,7.87524091275,-42.1198976318
2000-11-07,12.5498361607,20.5228826824,9.08500563652,-41.8890398393
2000-11-08,14.1666471658,19.8664765122,6.69179320959,-42.7197274371
2000-11-09,13.8086951947,21.4997773783,7.91389322576,-45.3264016926
2000-11-10,14.6194664753,20.1575357326,6.60082427516,-45.6312595171
2000-11-11,15.1484031961,21.9835218452,8.84789248949,-46.0483574915
2000-11-12,17.4012054057,22.29559425,8.55170773229,-47.641795169
2000-11-13,17.1045053954,21.5767378086,9.27444187113,-48.3191956499
2000-11-14,18.8662823298,21.7321692093,11.5385729469,-46.7269084573
2000-11-15,19.6261650741,24.0402912722,12.0036664498,-46.4247671804
2000-11-16,20.1735569133,22.9865745164,11.2094586632,-46.8823756645
2000-11-17,18.9125830033,21.94908124,13.4135165298,-45.9368986114
2000-11-18,18.8802554381,24.4247696505,12.5644081647,-45.1225907394
2000-11-19,20.0395778297,22.7550568443,13.946452128,-45.3461141536
2000-11-20,19.4359630603,23.9554555143,11.2166028417,-46.6495750029
2000-11-21,17.9025028923,24.1719716833,12.1429455679,-47.8326816179
2000-11-22,16.5798985227,24.0263153487,12.0761540162,-46.8656014788
2000-11-23,16.5996683762,23.386925354,12.2236719986,-48.0260210328
2000-11-24,15.768111435,21.9875445163,12.6425648526,-48.7413476924
2000-11-25,15.1530299458,20.8496305227,14.0141879768,-47.9772566644
2000-11-26,15.2735561607,20.3856883401,13.6941192226,-45.5993042474
2000-11-27,15.0831187731,20.0998735573,12.3332456423,-44.5719144341
2000-11-28,14.240863118,19.9748710239,12.3820247618,-44.9224282936
2000-11-29,14.149668187,19.7852509592,11.557690708,-43.1727690408
2000-11-30,14.4222001424,19.8484315949,10.0565554786,-45.4449864672
2000-12-01,15.3422339348,18.222936525,9.63214049487,-46.0294059959
2000-12-02,15.7701804799,19.2750607507,9.5982825785,-45.2804384084
2000-12-03,16.5793467408,18.8856556476,8.09832703657,-45.2522814203
2000-12-04,17.5349575837,20.7371924591,6.4466071838,-44.2580448642
2000-12-05,15.8268924872,20.9911187305,6.40026231365,-43.5409672934
2000-12-06,17.0964932428,21.3896776209,6.31636158809,-46.1314348485
2000-12-07,16.7835082257,23.3326402463,5.8664871393,-47.8404082502
2000-12-08,17.8706915263,22.2122790479,6.10708696787,-50.8727010993
2000-12-09,17.3359279046,23.7192709555,4.59391121391,-49.4172046343
2000-12-10,17.6410155565,21.7151707193,5.28330582335,-49.5646398246
2000-12-11,18.6614744854,20.6208934711,5.59374606452,-47.122217366
2000-12-12,17.9866870032,20.9929820253,3.83428715074,-47.1557744178
2000-12-13,17.2091839814,20.7497305021,3.98082752467,-47.7355598415
2000-12-14,17.1438823009,21.9743273069,3.57498273056,-46.851342987
2000-12-15,16.0175084137,22.141304629,3.17867492929,-47.1235806166
2000-12-16,15.3348146836,22.1341216777,3.78954984862,-47.2389296425
2000-12-17,14.8098455602,22.8661918075,3.40864899586,-47.3037876562
2000-12-18,14.0956832622,24.5746395869,3.13140164201,-46.0645336939
2000-12-19,14.6897845104,25.0882569423,2.50912005433,-48.2890877157
2000-12-20,14.891919609,25.1667766382,2.64446033484,-46.5067210877
2000-12-21,14.9280300892,25.9661751661,4.09505188002,-46.3021220948
2000-12-22,14.4594232403,26.6785424917,5.67630839258,-47.3275671647
2000-12-23,14.9592036175,26.9269050019,6.88730003312,-45.4558784445
2000-12-24,15.7143711994,25.5743459078,7.04003763613,-45.2678617467
2000-12-25,17.3370489775,27.2953090201,7.54240030223,-45.7412656489
2000-12-26,17.8796351012,25.4656596212,7.98353867114,-46.2762168057
2000-12-27,17.3249394736,25.2514567473,8.82062020388,-45.3479669
2000-12-28,17.1968598752,23.9908415351,10.9857012696,-44.6453711937
2000-12-29,17.9586216088,21.627956222,11.5000338945,-43.9502990011
2000-12-30,17.7145559142,21.9805369744,12.1423166548,-43.8201655266
2000-12-31,16.3994155793,21.6900836323,13.5653806697,-44.6224388361
2001-01-01,16.9606288401,22.1367762649,15.0499394435,-45.1333079476
2001-01-02,17.8994588113,21.6208188236,13.7009642141,-45.1799237016
2001-01-03,17.6895172355,21.2480170599,12.7525564067,-46.4278453341
2001-01-04,16.6006813475,22.3251553555,13.6704747079,-46.0365068972
2001-01-05,16.5525024078,21.7143062879,13.2690096574,-47.2045114426
2001-01-06,17.4578454979,20.5407985808,14.2299240506,-47.2215924503
2001-01-07,16.95042291,21.1168510782,14.634841226,-47.1975236309
2001-01-08,17.5411594986,19.806443713,15.5891184285,-46.2979900347
2001-01-09,19.4007539729,20.644722091,18.2098391234,-46.0072759412
2001-01-10,20.4609999181,21.0030882842,18.2255874544,-46.2600014047
2001-01-11,22.9112383118,20.1385067994,17.5246083681,-46.2006692239
2001-01-12,23.1916673089,19.7226348568,17.0582597256,-46.3386704521
2001-01-13,20.5212078074,18.0558599605,17.6200702593,-45.1160461404
2001-01-14,20.1781760807,16.0375812443,16.4831260962,-44.1677751663
2001-01-15,19.6848820027,17.1851516495,16.4681108898,-43.4038819902
2001-01-16,19.9841917221,17.1714057536,14.7638103654,-44.170962748
2001-01-17,18.7688363833,17.5919970371,15.0776872456,-43.0889911251
2001-01-18,19.0649874754,18.8564066328,15.9368096917,-45.1668825003
2001-01-19,19.5512949047,18.0345876619,15.180230975,-45.4700155448
2001-01-20,20.819451511,20.0336770439,14.2501700814,-45.2627418643
2001-01-21,22.5867233064,20.5332603124,14.8400548921,-44.9868184242
2001-01-22,22.9782281606,20.5236369332,13.5242389793,-45.778364842
2001-01-23,23.5258731512,20.9933976301,13.5239020659,-45.7784266314
2001-01-24,24.3407299743,21.5666373446,12.2838610217,-45.9343335352
2001-01-25,25.2135203588,21.605972836,11.139354441,-46.4222552188
2001-01-26,25.2255669915,22.2841061354,12.3322753161,-46.9825072465
2001-01-27,26.154674175,22.3009929484,11.7813772872,-47.4685981246
2001-01-28,27.7511929272,22.9793382276,12.620021241,-48.0883571373
2001-01-29,28.9471331538,22.4808612284,11.3323839315,-49.0925701632
2001-01-30,29.07063989,22.2729450467,11.482765625,-50.8768253673
2001-01-31,28.9639093156,23.2893971596,8.91137715295,-49.380380816
2001-02-01,28.4144443488,23.5217893415,8.85069542704,-49.4736807046
2001-02-02,28.2856614128,23.771932233,9.86450526119,-49.1843307664
2001-02-03,28.9246459926,24.6468504898,10.2487796954,-48.1842755957
2001-02-04,28.7403143755,25.5910370067,8.100372393,-47.5495748945
2001-02-05,29.4340803606,24.7607459691,9.49220364602,-48.0121688447
2001-02-06,30.8137574949,24.8569370817,8.51433546094,-46.8892109707
2001-02-07,32.4942299437,23.9739391806,7.25618805264,-47.9400727753
2001-02-08,32.1257480553,24.6999329368,6.81746244002,-45.8431076956
2001-02-09,31.3548688579,23.8667251543,7.64228420747,-45.5049355673
2001-02-10,30.7538910277,23.2288972412,7.28991296483,-44.692277446
2001-02-11,30.2399412671,23.614372601,7.40893139961,-44.9265571056
2001-02-12,31.9960746354,23.7449212304,8.3665717461,-43.3738606303
2001-02-13,31.6654441264,24.9436830467,8.3812578929,-44.086985337
2001-02-14,31.8416497216,24.3940859082,8.75935765561,-45.2084144382
2001-02-15,31.6915911547,25.3220759996,9.33351008249,-46.6889222945
2001-02-16,31.1510973365,26.1719748398,10.9991614609,-45.1987615471
2001-02-17,31.2959774763,25.2106818874,11.8670943337,-45.4650651292
2001-02-18,31.5551020348,25.8935839205,11.9468797715,-45.3077272694
2001-02-19,31.4093635185,23.8771470595,10.7375290059,-45.8130390321
2001-02-20,30.0852812067,24.172487631,10.4295349193,-46.5740285398
2001-02-21,29.6035677679,23.9827946748,12.037488922,-45.1540499951
2001-02-22,29.4037521041,22.4962036301,12.7344786489,-45.2653868439
2001-02-23,28.3064674163,21.6830103978,11.3230852362,-45.9127453257
2001-02-24,27.680614584,22.4494598398,11.8614558688,-46.5792024746
2001-02-25,27.3058765121,22.5720493192,11.4453624594,-47.0469764984
2001-02-26,26.212334165,23.1705867353,11.9809248517,-44.3783288242
2001-02-27,24.9826449584,21.288655481,11.9785598535,-44.2881889811
2001-02-28,27.3375962604,22.2525570855,12.4544701135,-45.4312445412
2001-03-01,27.5472240931,21.2803922426,13.8221098233,-45.5594921105
2001-03-02,26.7534235055,21.4612704219,14.4150695754,-45.5026458139
2001-03-03,25.4273564393,21.9622329997,14.6940136415,-44.7979966261
2001-03-04,25.4336024592,22.008096434,15.6966310996,-44.6994768028
2001-03-05,24.5131312043,20.0521389902,14.576619572,-45.0002837449
2001-03-06,24.7863720795,20.5921866336,12.8031451735,-43.7283084241
2001-03-07,23.9448038135,21.1947623407,11.6166890795,-44.4265043784
2001-03-08,25.069397147,22.6940236603,10.6186410217,-44.6560173127
2001-03-09,26.227739619,22.6229136686,11.1783133527,-45.3112365736
2001-03-10,24.9858804036,22.410431881,11.237364165,-43.9287557041
2001-03-11,25.8291055812,22.596658549,12.2853961114,-44.3378714073
2001-03-12,27.6983707879,23.9206165075,11.8145730994,-45.5777833226
2001-03-13,26.2206334847,24.8285500127,11.44441896,-44.9817146442
2001-03-14,26.5590407329,24.6545980853,11.8168673223,-44.2085262481
2001-03-15,26.9549696083,24.0952691245,12.8087917163,-43.4344246983
2001-03-16,26.3537783018,24.4729429466,13.6610521619,-45.4441541018
2001-03-17,23.7094661318,24.0836762708,13.7549319227,-45.72601145
2001-03-18,25.7480858266,25.4359386297,13.8273512616,-45.3074844012
2001-03-19,24.5547424808,26.3366836523,13.7467859388,-44.6090533505
2001-03-20,24.2233055124,27.3651098773,12.9188083943,-45.1412921236
2001-03-21,23.8256521305,26.2271044211,13.2339719486,-45.2675775828
2001-03-22,22.3288133874,24.4958941074,15.0232224048,-44.3605261349
2001-03-23,22.8839090626,24.7094448858,15.7175581795,-43.3439389296
2001-03-24,22.6193501185,22.3657808555,16.8979966066,-43.6782298331
2001-03-25,21.7149628397,22.7227180187,18.4054143643,-43.3661374824
2001-03-26,22.5081077214,21.5792808682,18.5671105862,-43.9827842819
2001-03-27,22.7343933303,21.4567836703,19.4258641437,-44.8456336817
2001-03-28,22.9867928316,24.249771643,19.535155561,-44.726614555
2001-03-29,22.1459037235,23.7982179227,21.2184064832,-46.0611686783
2001-03-30,22.8884521644,24.9935305677,20.4023159531,-46.3231431698
2001-03-31,21.0053060464,23.9181770796,19.7104930955,-47.9745371203
2001-04-01,21.236527394,24.1537934998,20.0623086102,-48.3060229465
2001-04-02,20.528473526,23.3972170698,20.1423755871,-46.0918385643
2001-04-03,20.681596001,23.5238826454,21.4392795157,-44.9683955149
2001-04-04,20.7448050248,24.7061474176,21.5711426826,-45.4463214135
2001-04-05,22.7629820636,26.0882569225,19.4951442803,-45.2280592609
2001-04-06,22.9621765259,26.9336419556,18.580587683,-44.1760836027
2001-04-07,22.901308387,26.1309320667,17.7947571945,-43.9678941714
2001-04-08,23.1406181283,26.5815563062,17.1804392611,-43.9583048498
2001-04-09,24.6697281704,27.5553132818,18.6590523703,-43.8648036672
2001-04-10,24.7399380548,28.3715962995,17.1743541961,-42.1429229917
2001-04-11,25.1966752845,28.6075253667,17.554554368,-43.9046217464
2001-04-12,25.7350070588,27.4511357745,18.8080314621,-45.174750075
2001-04-13,25.5699028089,26.6822113605,20.0381784931,-44.8647116999
2001-04-14,24.8642714712,25.6718134921,20.8442398873,-45.8753858233
2001-04-15,24.3817256113,25.5161795033,19.3754316764,-46.1717942974
2001-04-16,22.0803370492,25.7347108091,18.7413755452,-46.262814563
2001-04-17,23.6950386021,25.0249993994,19.9718734289,-46.2994993898
2001-04-18,24.2756772715,24.3019767011,19.7767172726,-45.3918671008
2001-04-19,22.4648982047,23.2748096744,20.206882877,-45.1970057937
2001-04-20,23.4995812903,23.0810728104,20.4401497495,-44.4663490555
2001-04-21,23.7808274907,24.0089193149,18.9263772603,-43.7023390582
2001-04-22,23.2474179925,25.3275366899,18.417674911,-44.2706451728
2001-04-23,22.1606361699,27.0824041571,19.9782709167,-44.612796054
2001-04-24,22.2182769096,27.0631373245,19.5091973292,-46.0061831554
2001-04-25,23.7875252603,27.9336228114,19.705189358,-46.5776584387
2001-04-26,23.9068513419,24.9183456275,20.9083043902,-46.7348539423
2001-04-27,22.1147180186,24.4800541253,20.7046104908,-45.3834715708
2001-04-28,20.9808974513,25.0245937092,20.7000400915,-44.0053254391
2001-04-29,21.4043259329,24.8387079269,19.7936734465,-45.7847970243
2001-04-30,20.6584523858,24.8631176565,18.8692428374,-44.8695907872
2001-05-01,21.2655690413,26.2986971501,19.9803675037,-44.0062289676
2001-05-02,24.444671868,25.8786167808,21.0990209138,-45.6451586172
2001-05-03,23.0941080755,25.1353585715,21.5041772114,-45.5176591712
2001-05-04,21.7239471411,24.9704347312,21.0704198635,-47.0207229825
2001-05-05,20.4944899673,24.1319053204,22.3324614726,-47.198264441
2001-05-06,20.3773050053,23.5712509829,23.4250387398,-48.5802454973
2001-05-07,22.8911266506,23.7270865803,22.6883182604,-49.8278687693
2001-05-08,24.177754706,22.1742216002,23.5975515064,-48.2321267454
2001-05-09,25.1384794203,21.277838426,23.1200572495,-47.3336831529
2001-05-10,23.8542832068,20.9637499669,23.0014462296,-49.2786683329
2001-05-11,25.309975599,19.2184135947,22.8578249585,-50.6309635164
2001-05-12,26.8969914633,19.1229512506,22.741046948,-51.096810728
2001-05-13,26.3156625099,18.8977844493,22.1401061003,-49.758699179
2001-05-14,27.3048275943,20.2569697907,22.4602513509,-49.2972341124
2001-05-15,28.4161206288,19.8873540216,22.0806688808,-50.5217767312
2001-05-16,29.6046975424,20.6686260031,20.6411099769,-49.1248105889
2001-05-17,30.7053845722,22.2910684782,21.3765697848,-50.1753952664
2001-05-18,30.4189709143,22.7026621649,21.8575224983,-49.0553320064
2001-05-19,30.824021399,22.3319061726,21.2538059898,-49.6706728811
2001-05-20,30.7570237567,21.056144683,21.1785620598,-49.812742835
2001-05-21,30.2528942667,23.1573090603,20.0298097867,-50.106876131
2001-05-22,31.733508083,25.427329223,21.3268634102,-50.6395398588
2001-05-23,32.2720228029,26.7322074637,21.406839917,-51.308462881
2001-05-24,32.3066314087,26.7580313054,20.33301904,-52.3502308821
2001-05-25,32.3273314979,28.0904985658,21.2234581725,-51.5069142693
2001-05-26,32.3927228412,29.9214513245,19.3295744036,-51.4840104356
2001-05-27,30.5457095807,28.9283095204,18.5728802686,-50.7025983027
2001-05-28,29.3647136997,28.6161522856,19.129894792,-50.8101809603
2001-05-29,29.8794488801,29.8550489296,19.5821740754,-51.4846132871
2001-05-30,28.2667028174,29.0338505184,19.514284595,-52.3107373959
2001-05-31,29.4211951025,29.504855592,19.2423964669,-52.6270274084
2001-06-01,28.4783502207,31.0358651278,18.8836513344,-54.5686073653
2001-06-02,28.982238681,31.0931369878,18.7540820062,-56.2736218388
2001-06-03,30.1795751653,29.9206726801,19.9538866206,-54.524531984
2001-06-04,27.8607790431,29.7747182842,20.4517554933,-53.5262671781
2001-06-05,25.8125810513,30.3872298922,18.1993502787,-53.6502227679
2001-06-06,25.8842959978,32.0837112475,17.440822031,-53.5670493986
2001-06-07,26.2373151352,32.8500277712,17.0142287987,-52.9691579981
2001-06-08,27.0630068895,31.5004131298,17.9522111435,-54.2286331512
2001-06-09,25.4353083508,31.6714903169,17.634500909,-54.1464815043
2001-06-10,25.4216348152,32.1006617179,19.3910208784,-53.2435384951
2001-06-11,25.0207493592,31.7795189506,20.1566029029,-53.397846521
2001-06-12,25.8747736806,31.1228233498,18.4206959919,-54.1547488131
2001-06-13,25.5705253415,31.4529788979,16.9148311181,-54.5715079592
2001-06-14,25.7089388217,32.2896802088,16.840313161,-54.3387110349
2001-06-15,26.4082290953,33.3813871652,18.2740358569,-55.0774817861
2001-06-16,27.2582151684,33.1434414908,18.0941517797,-54.4925999127
2001-06-17,27.8106175606,34.8772838041,16.0161437604,-55.0378537854
2001-06-18,26.8725120937,33.9493937119,14.181248978,-54.1390102945
2001-06-19,26.1251369037,33.4495873534,14.7115839013,-54.7842128938
2001-06-20,25.085656417,33.900098112,13.4229869263,-53.3846183666
2001-06-21,24.2393651463,33.8572643699,13.7800022983,-53.9243538751
2001-06-22,24.6834794995,32.7255579084,11.5187305559,-54.513919585
2001-06-23,25.7592365707,32.4422476974,12.2835815227,-55.0147476696
2001-06-24,27.4653156737,32.9908057079,10.9594100891,-54.9298517954
2001-06-25,25.8508062899,32.7745652436,9.72699845457,-53.8790860141
2001-06-26,28.3138055925,32.8482195406,8.42212677661,-53.889442969
2001-06-27,28.8808444579,34.4700643963,8.68812301998,-53.4288359144
2001-06-28,27.86961243,33.1651039756,8.94763900429,-53.1575892606
2001-06-29,27.9054549357,32.1731264379,8.37212573533,-53.2059480379
2001-06-30,27.676704617,31.5855147121,8.31093760575,-52.3032264935
2001-07-01,28.0239850723,31.6492804086,9.09891131453,-50.7912185835
2001-07-02,28.5855089462,31.9525057838,7.78999516989,-51.6141463407
2001-07-03,28.9222858844,31.4353678609,7.44903913474,-51.7079121329
2001-07-04,27.6230413771,33.8887237894,7.30716289018,-52.3088449242
2001-07-05,27.494887313,32.2947382501,8.05706986496,-52.5475025193
2001-07-06,29.2180676206,32.4252298685,9.95459383963,-52.5164527662
2001-07-07,28.8346145684,31.6930633807,10.0597077236,-51.8540939359
2001-07-08,28.5862268583,30.5606168113,9.74485253922,-51.8362721424
2001-07-09,28.2516668743,31.5309986528,10.0676050511,-51.9514475221
2001-07-10,27.7242002244,32.5439845294,10.4780291858,-50.9608776338
2001-07-11,28.3386706802,32.7283545111,10.7495337873,-50.7058637028
2001-07-12,29.2608893109,32.8169929515,10.2198391199,-50.1341084383
2001-07-13,28.6832396958,33.7816114299,10.8825200791,-50.2313632755
2001-07-14,29.0781983107,33.2382068249,12.4968014089,-51.7932985193
2001-07-15,29.7390972892,32.1609486632,11.8833425429,-51.8825724807
2001-07-16,29.5563961896,33.1649726853,9.73412571144,-51.8950739061
2001-07-17,29.1166149028,31.545229126,8.96303738573,-50.4191149399
2001-07-18,29.3822760066,30.4588046349,9.20725157787,-48.7969911543
2001-07-19,29.2313220097,28.5876716614,10.677308387,-49.7210497592
2001-07-20,29.7456495819,28.490744449,10.4557247042,-50.0930309578
2001-07-21,29.0829035444,29.7285441388,10.2365760473,-49.2063539843
2001-07-22,28.1770179472,27.896520695,9.27772327909,-49.7436584407
2001-07-23,26.6742792047,27.9687195494,9.70718876401,-48.9451452919
2001-07-24,25.4074593829,27.6583574945,11.6029266071,-48.4922418657
2001-07-25,25.9962966629,28.4027741008,11.5281718753,-48.5680575505
2001-07-26,26.4944466283,28.6558883,10.5033663508,-50.2150843418
2001-07-27,28.0181959622,29.3601169428,10.5348701527,-51.7008779526
2001-07-28,29.0682161586,28.3449038847,10.1271222088,-51.1935122673
2001-07-29,30.0088823996,27.7197710632,10.6609545781,-51.993100302
2001-07-30,29.7480860238,28.0612782428,9.71378058548,-50.4874936946
2001-07-31,29.5506231987,27.5667874256,8.95320106647,-52.1744667586
2001-08-01,28.0229341747,26.7166886062,11.5360406738,-52.0363845749
2001-08-02,26.8443042396,25.7945715441,11.6300818542,-50.2378536192
2001-08-03,27.2472403504,26.0274358485,13.2169852712,-50.4712707719
2001-08-04,25.2606166663,26.5233425775,13.8440488051,-50.3696419885
2001-08-05,24.9111739324,27.1519435979,13.2169447002,-49.0337369029
2001-08-06,26.9844813218,27.3056598876,13.8514572682,-49.7924220265
2001-08-07,26.3358999616,29.3119101181,15.4890469153,-49.6169783357
2001-08-08,27.2506625217,29.9704549424,16.4446779292,-48.787063693
2001-08-09,28.5390879501,30.1721770638,14.7634074947,-49.3892456022
2001-08-10,27.8389915164,29.1880697625,15.3299372104,-48.7063738093
2001-08-11,29.8351320255,29.8084983661,17.6506919656,-46.7500299138
2001-08-12,30.7629871798,29.6520638542,16.6506134558,-46.5851478365
2001-08-13,31.8785572479,30.3915309455,16.6775515504,-49.8129802884
2001-08-14,31.2665519622,29.8641632336,18.4818880965,-48.3966528897
2001-08-15,31.7019960436,29.5350400759,17.5121549048,-47.7551103849
2001-08-16,32.8203296061,31.3731632042,17.1586236398,-50.2813866936
2001-08-17,33.9181101019,31.6398791029,17.1955888419,-49.1962895255
2001-08-18,33.4029342441,30.5991151735,16.9828983547,-47.9147906149
2001-08-19,34.3437389781,31.6743489284,15.7120446912,-46.6098821208
2001-08-20,34.3023216544,32.5237356835,14.477963862,-46.5224296599
2001-08-21,34.5127965901,32.307699764,13.9448158607,-45.3785728199
2001-08-22,33.495087907,32.8097000103,14.8667570009,-44.2130275131
2001-08-23,31.1993584206,33.0809520717,14.8886581268,-45.3852732448
2001-08-24,31.3564327487,30.8176853394,13.2370384208,-46.3070735773
2001-08-25,31.5950157102,30.3220997729,12.381306547,-45.5999767139
2001-08-26,30.7748499886,30.7502329961,12.5812451629,-43.9532170475
2001-08-27,29.310446307,30.4460921382,11.5614675488,-44.4791573206
2001-08-28,28.8223004675,30.5946910186,12.2355753463,-44.5698813661
2001-08-29,29.4940998915,29.809538693,12.3297278456,-44.6637725303
2001-08-30,27.799019341,30.0525997881,12.6512717965,-45.7546580898
2001-08-31,29.660663863,29.7958504204,11.9491321881,-46.7242230055
2001-09-01,28.9905560649,30.4242742965,11.285947387,-48.3780349127
2001-09-02,28.6738677361,29.7014090126,12.1597895729,-49.8289932389
2001-09-03,27.9610008321,28.7243094601,11.3842012791,-49.2198705524
2001-09-04,29.7380969876,26.6889564874,11.3687773653,-50.5603600948
2001-09-05,31.2356828452,26.3750189678,10.8936538055,-52.3159172351
2001-09-06,30.4165094486,26.7449703209,12.1641993281,-53.1109493396
2001-09-07,30.2123263854,25.721929383,12.6733723015,-55.1635512562
2001-09-08,30.9072781721,24.659742937,12.74936824,-55.3654358582
2001-09-09,29.6514692766,22.9469941036,13.2398406855,-55.9021940464
2001-09-10,28.9392629423,23.8488264224,11.7057016634,-54.43224856
2001-09-11,29.6706985379,24.5460780418,10.1837056437,-52.9114508074
2001-09-12,29.1432943254,24.3987310603,10.4207792574,-53.101051808
2001-09-13,31.1811627947,22.9336245132,11.5014042362,-52.6048416238
2001-09-14,31.0202426727,22.829792836,11.909950507,-52.2480136729
2001-09-15,31.1077970226,22.5848027047,10.7809989449,-52.5166663316
2001-09-16,31.4688331384,22.2428603269,11.1295106414,-53.3768886534
2001-09-17,31.0029907312,20.4935053614,11.8627014817,-51.9051163293
2001-09-18,30.0498934924,19.8324553428,10.8193856652,-53.1768044158
2001-09-19,29.7435341968,18.4636113176,10.1430648765,-52.5800475083
2001-09-20,31.3921253324,18.8417018082,8.63339703549,-51.5109584592
2001-09-21,29.0694489774,19.5822819792,8.11249464471,-53.4256873772
2001-09-22,29.7767735603,20.5614776483,7.09961575405,-53.8686293276
2001-09-23,29.4848730703,20.5891557491,6.79642000357,-52.2857603462
2001-09-24,28.9288948257,21.0446638853,7.19302884851,-51.6467147781
2001-09-25,29.7112482624,20.2571890745,8.2295157585,-51.2404528756
2001-09-26,30.432274492,18.9562781202,7.5298798612,-51.0386046768
2001-09-27,30.0811323168,19.2807297846,7.49467731258,-50.7121575664
2001-09-28,32.1613109892,20.0500252575,7.38582758901,-50.4168681585
2001-09-29,32.6918482515,18.5265050276,6.45132933855,-50.1871188006
2001-09-30,34.5021202708,19.9693997369,7.49521810924,-51.0350127321
2001-10-01,34.5097725493,22.0088069633,7.68043901193,-52.0829168554
2001-10-02,35.3119883231,21.8647779431,7.38632717159,-53.5928141485
2001-10-03,34.9851910322,22.043693906,7.54351982203,-52.5398164072
2001-10-04,35.6637279111,22.4245386843,8.76574341307,-52.3689526587
2001-10-05,35.3088976079,21.3904432808,9.9335631365,-52.88910255
2001-10-06,33.0169371147,21.7313454985,9.51145937038,-52.9262499181
2001-10-07,32.9627348087,20.7561178993,8.42509146851,-51.5038927696
2001-10-08,34.4111196241,19.9546584192,7.56111445459,-52.4750454192
2001-10-09,36.1680578008,19.7911618934,7.24725913298,-52.4880886878
2001-10-10,36.4010209668,20.4797599013,7.20417779983,-53.5596713929
2001-10-11,35.9115359209,19.9121098342,7.21832348326,-54.9775483119
2001-10-12,35.8523975954,18.753691495,6.43435715953,-56.16776243
2001-10-13,35.9081970874,21.1108691412,7.5056248317,-55.5879864568
2001-10-14,34.3658082201,19.2435686231,6.56316955567,-53.9926040261
2001-10-15,34.6490701886,20.2968074451,6.5175404049,-52.5368431632
2001-10-16,36.2394709053,19.9698977034,5.91490612005,-52.2149068613
2001-10-17,37.784291744,19.485178483,5.07913961374,-54.9643050489
2001-10-18,36.61150398,21.4858346749,4.26081744443,-54.8657604623
2001-10-19,37.4334107707,21.91701552,4.62234694872,-55.9785123374
2001-10-20,36.5688997459,22.0744400465,3.63438559312,-56.5313660699
2001-10-21,34.8291575266,21.5879672571,4.18541032811,-55.2141406347
2001-10-22,34.7534810862,20.105620894,4.70478580398,-54.8128517593
2001-10-23,34.2526696028,19.5215879497,4.70801726337,-55.1913588142
2001-10-24,34.5016674078,19.6578826122,5.12723802497,-54.9927737054
2001-10-25,33.5675058154,19.2276560982,3.73955313256,-52.9520572638
2001-10-26,34.2746018404,18.6891741885,4.10427041449,-52.4683642014
2001-10-27,33.0391128901,19.5069136728,4.15982433079,-52.9190350572
2001-10-28,31.6805663759,19.6598740779,4.28213504819,-51.8228883901
2001-10-29,32.463714707,19.6055399812,4.88203372591,-50.469814186
2001-10-30,33.0043640724,20.222938365,4.31615450754,-49.9884556083
2001-10-31,33.1570506678,21.7666361677,5.16493126639,-50.7160445245
2001-11-01,35.0405126391,20.355502884,3.64133468964,-49.173292356
2001-11-02,35.2370939611,19.0626814758,3.90532094249,-49.9112135549
2001-11-03,36.2772763462,21.040412125,4.75943318489,-49.3862071067
2001-11-04,36.6494102298,21.4208696474,4.15365030727,-48.9446905063
2001-11-05,37.3364023128,21.4128186804,5.32718919642,-50.9421328451
2001-11-06,38.2262463123,21.87524892,5.97927899542,-50.0107328889
2001-11-07,40.1224067842,19.9220803539,7.58512897918,-48.5697893734
2001-11-08,40.413051139,19.4745489837,6.83408636286,-48.3508717555
2001-11-09,40.7216251109,19.4633740022,5.32264502816,-48.6669952231
2001-11-10,41.7291669262,20.4400126238,7.44615685453,-49.4656369203
2001-11-11,42.1319835494,19.2647093486,9.42454773454,-47.2897319567
2001-11-12,41.1469634722,18.75743773,8.98600310954,-49.0740267514
2001-11-13,42.7884149986,19.5476294421,8.24603123969,-49.3106870395
2001-11-14,42.8615281759,19.8291637335,7.73954269718,-48.0292595357
2001-11-15,42.9648567079,19.994682173,7.08737648092,-47.5918008875
2001-11-16,43.4084837173,20.2377846432,7.46414178099,-46.8850482144
2001-11-17,44.0088533755,18.7598171827,9.47125324039,-47.4897284941
2001-11-18,42.7100315999,18.0463326768,10.4022354869,-45.7481313089
2001-11-19,40.596034333,17.6306901701,9.69294868165,-46.6918437205
2001-11-20,39.442018195,17.3293012623,9.41779583517,-47.4704019591
2001-11-21,39.045552169,16.6162135321,10.0845245188,-47.5589683605
2001-11-22,38.9995668478,16.803249195,12.421040443,-47.3619262294
2001-11-23,39.4009705808,15.9066806899,11.8367529775,-47.9805000828
2001-11-24,39.2324947268,16.3835488885,14.0251090288,-49.996902697
2001-11-25,39.8306715076,16.7590096317,13.4090623663,-49.7252984406
2001-11-26,38.7540727996,17.7215466424,13.1581705324,-51.4599428281
2001-11-27,37.9575042874,18.4721019557,13.3569682367,-50.9889416641
2001-11-28,38.1099536073,17.335638325,12.051219385,-49.6901057918
2001-11-29,39.3109422616,18.6363017999,11.201887613,-50.5249041297
2001-11-30,39.1427644639,17.2487452825,11.5394331364,-49.9343876305
2001-12-01,40.723336329,19.1241435367,11.1101925782,-50.6256794195
2001-12-02,40.1391782394,20.1002460881,11.1581769568,-50.5208086261
2001-12-03,41.6227599677,18.339358718,10.57896455,-49.6985184939
2001-12-04,41.9604752306,17.3445934518,11.6311822713,-50.3761861525
2001-12-05,42.6933182398,14.498441467,12.1356895396,-50.9030191437
2001-12-06,43.9576399306,12.916816405,12.3138268307,-49.0652857228
2001-12-07,43.0934114392,11.5362896401,13.0718154681,-48.1501745777
2001-12-08,44.4850991222,10.1721575108,12.6066157082,-46.8758754439
2001-12-09,44.7666714406,9.91771225683,14.1820173804,-47.2728036677
2001-12-10,44.3058801571,10.318549317,14.200730993,-47.7276865814
2001-12-11,44.3696794692,10.9090563193,14.7029196044,-48.8903848631
2001-12-12,44.4568578944,10.3600567389,14.8524964202,-50.4395682958
2001-12-13,45.231914362,11.4331452716,15.0031419281,-50.4654045847
2001-12-14,46.8908076899,10.9413542367,13.9921915179,-51.0360083552
2001-12-15,47.5046259151,10.3753982299,14.7094871337,-51.0364948724
2001-12-16,45.510062808,9.09722376489,13.8531593648,-50.0832055603
2001-12-17,43.2726353873,9.85035426813,15.5935438104,-49.2918935404
2001-12-18,45.1297107015,8.90071460188,15.5212858595,-48.3296006714
2001-12-19,45.4479578079,9.87833676994,16.5231649053,-49.00120457
2001-12-20,45.4950856561,10.8442749757,15.1128081329,-48.4960875279
2001-12-21,44.2551923781,10.5974647973,15.3629919284,-47.1046601748
2001-12-22,44.2014759597,9.83906414054,14.5727112669,-45.6493545342
2001-12-23,43.9968112255,9.41934940777,14.7836603832,-45.5017235267
2001-12-24,43.6462448723,9.76216580725,15.2765543127,-46.654130764
2001-12-25,43.5015252657,10.4115920987,15.0311314625,-47.8846198003
2001-12-26,44.4538884903,11.0394231957,15.6224362122,-47.3223253357
2001-12-27,45.4992075275,13.0365974899,15.3222804495,-48.0755815215
2001-12-28,46.2075304383,11.7059666264,16.7237435867,-47.5180603912
2001-12-29,45.4103463302,11.9988346797,17.1545770771,-47.8340666249
2001-12-30,45.5197603677,11.6439153725,16.9997144655,-48.855474205
2001-12-31,47.2132715056,11.656057705,17.7031141702,-47.7084593362
2002-01-01,48.6394494092,11.9071838116,18.1602352748,-46.4555211522
2002-01-02,49.2413746434,11.6480428095,17.5547214331,-44.806492031
2002-01-03,48.8941657881,11.9733012926,15.2468886918,-45.8148316286
2002-01-04,48.0351544021,10.771768061,13.4114397473,-46.7921155297
2002-01-05,46.9865286333,10.9290214002,13.7921536929,-45.4027185191
2002-01-06,46.0390243053,9.60995842567,13.8802533288,-45.7359795881
2002-01-07,46.4309196964,9.16613078598,15.9734580306,-45.1058734646
2002-01-08,45.3315883769,9.17535424707,14.8601233001,-44.4728975031
2002-01-09,45.5193984259,10.3923546668,13.7728136868,-44.0628163079
2002-01-10,44.9980041169,11.8478748505,12.1745509495,-43.6636769976
2002-01-11,46.2469164709,10.3563264478,13.3414123653,-43.4756893071
2002-01-12,44.2287858675,10.0883924159,12.6126829541,-44.0352848602
2002-01-13,44.7669188876,9.65060860741,13.8857530891,-44.533069373
2002-01-14,44.9982582087,8.46779730405,12.396044713,-43.6004134475
2002-01-15,46.9992798393,11.2272140961,12.9525910016,-43.3951276089
2002-01-16,46.8602490498,11.3202033857,13.1425659603,-43.9978778613
2002-01-17,48.0832817816,12.0454271054,10.750831472,-44.4464612405
2002-01-18,49.84790542,11.0960304425,10.3184171685,-45.7622760892
2002-01-19,49.5566866991,10.4297987588,9.3411821881,-44.3631525781
2002-01-20,49.4324091061,9.39217119623,11.0905582294,-44.7178396088
2002-01-21,48.2910700455,9.33638208442,11.734484087,-45.2413269975
2002-01-22,48.9557012832,9.33907653153,11.1427100404,-44.0930810829
2002-01-23,49.5729383377,8.48233249429,10.7207312706,-43.5348689319
2002-01-24,49.8355018112,9.03439053629,10.1024252444,-43.2235343326
2002-01-25,50.744147461,6.79709501806,10.5573283972,-44.3537824449
2002-01-26,51.9612297803,5.37622788486,10.289068545,-45.2230070036
2002-01-27,53.1074104542,6.30190475106,11.7005426856,-46.1534011458
2002-01-28,52.8732632989,7.82770409371,12.2153116069,-45.6886859258
2002-01-29,51.8718680165,6.583272089,13.8046273672,-47.46877074
2002-01-30,49.8912296178,6.5918252944,13.0117030226,-47.4918309234
2002-01-31,50.1953250932,6.50923145801,12.4108412818,-48.0631500318
2002-02-01,49.5699182543,5.81433463726,12.0645026725,-48.0816911219
2002-02-02,49.9743892154,4.43910366205,11.1955545363,-49.1329323642
2002-02-03,48.296095874,3.98564075885,12.036984155,-47.344005154
2002-02-04,48.57178977,3.86346601456,12.8032338639,-46.9639501141
2002-02-05,48.5213613096,4.36188763092,13.3933150052,-47.4297156047
2002-02-06,48.693261969,4.09122647527,14.364636136,-47.1398091325
2002-02-07,48.6445600929,4.26952636415,12.0238948987,-46.3804819841
2002-02-08,49.2870143772,4.01856694562,12.0876857657,-45.5596202196
2002-02-09,50.4047055032,4.03946416109,12.8751767858,-45.6887503117
2002-02-10,52.1325229866,5.98081631532,13.8928248755,-46.0135972137
2002-02-11,52.6439706366,5.75924402895,15.1857874032,-45.0290352015
2002-02-12,53.7050642165,6.52113178675,15.4716422651,-45.0039043386
2002-02-13,52.9582284458,6.95956059303,14.8702207292,-45.146561838
2002-02-14,53.6885712126,6.65165721126,16.5891254556,-45.0491644661
2002-02-15,54.9875139611,5.5474076442,18.8575501612,-44.8671626458
2002-02-16,55.2802162805,5.40216557703,19.2829214662,-43.358037888
2002-02-17,53.8707631166,3.86835173213,18.1858618952,-43.625730844
2002-02-18,54.3996960905,3.89548510755,18.7801288174,-42.785716969
2002-02-19,53.6401661738,2.74309777291,19.3581962736,-42.836702022
2002-02-20,53.7472507219,3.17532450669,19.8613583651,-43.7677805507
2002-02-21,54.9250467742,3.27569441665,20.3035052571,-42.8698196308
2002-02-22,54.7844342242,3.7145405272,20.7794250485,-45.0804668041
2002-02-23,54.0160189568,4.86527571377,20.3228787407,-47.3740648454
2002-02-24,54.5673797227,4.13502336997,21.3336942739,-48.5254304344
2002-02-25,53.9619216994,3.46101423915,21.3851228629,-48.7944973491
2002-02-26,53.8200275049,1.81528158935,20.1154862963,-49.5730387642
2002-02-27,55.5116279244,2.7426031692,19.8655395851,-49.7760198955
2002-02-28,56.7250818092,2.5162853326,20.5401500414,-49.5842907335
2002-03-01,56.9381987109,3.33926991171,22.1075399749,-48.705331844
2002-03-02,57.93712494,3.93258828942,20.744297229,-48.7739495583
2002-03-03,57.4208758252,3.1306269011,21.0876790189,-48.7515014764
2002-03-04,56.3188375676,1.79686930409,21.4891350326,-47.6624098981
2002-03-05,57.7106919419,1.53899065511,22.8147233248,-46.8804810756
2002-03-06,57.5692198843,1.70466943963,23.3638878939,-46.5159585124
2002-03-07,57.6472422895,2.45932205317,22.188780139,-45.2717484571
2002-03-08,58.5310713404,2.43933179304,23.9503646654,-43.2216560532
2002-03-09,58.3980782276,2.80156321408,24.2854036255,-44.0123208904
2002-03-10,59.0822614417,3.16904974694,23.9894261336,-43.1177848122
2002-03-11,60.8302372431,3.47690026613,24.0809142615,-44.8285437551
2002-03-12,60.2260251301,2.98389643153,24.967531409,-44.4612659554
2002-03-13,59.7262607447,1.83592595404,25.7510955648,-44.5307846387
2002-03-14,61.143742363,1.02509724815,26.0662379602,-46.7189903581
2002-03-15,61.3600739226,0.944528151865,26.2996013675,-47.0975891918
2002-03-16,61.5459309663,1.45801317436,26.1571722388,-46.8169215843
2002-03-17,61.6533781318,2.59159331005,25.9737780866,-46.7955287753
2002-03-18,61.3122347224,3.46075436802,25.4636960255,-46.646181874
2002-03-19,62.0287453221,3.64557793858,24.2550892629,-47.6833845682
2002-03-20,59.8942496954,3.02487523832,24.7327515673,-48.5928016773
2002-03-21,61.26916118,4.50718959718,24.2349918113,-49.3912692008
2002-03-22,61.6189027878,4.52793435407,24.302995257,-49.9591035323
2002-03-23,59.7700304102,3.52544082321,25.3772691198,-50.9768714141
2002-03-24,61.2530849851,2.99364563822,26.89229562,-51.7061924915
2002-03-25,63.377049932,2.98464381697,27.0922787386,-51.8633564624
2002-03-26,61.4694830584,3.73792973608,26.8208352525,-53.2049703996
2002-03-27,61.8474928411,3.10254748669,26.3356746213,-53.6983399052
2002-03-28,62.0113056925,3.44909850641,23.534723816,-54.3690630104
2002-03-29,61.8347908607,3.98248837931,24.8303434935,-54.3412309792
2002-03-30,61.0928084263,5.72095422907,24.1405706885,-54.8852740092
2002-03-31,60.3478333206,4.31535874328,24.3830927223,-54.2326213461
2002-04-01,60.9921441244,6.60369215569,23.2868331615,-53.1674385852
2002-04-02,62.1583558736,6.12736133533,23.7034202396,-54.043737242
2002-04-03,62.5805127097,5.52951883921,23.7903019412,-52.5578977716
2002-04-04,60.7153907082,6.6133806733,23.5803205049,-53.8574194386
2002-04-05,63.4652030543,6.67409980207,24.8159071149,-53.0405975264
2002-04-06,61.0062591758,7.12263547401,24.2035139983,-53.2913658456
2002-04-07,58.9786861202,8.27018499009,25.5186377969,-53.7451323464
2002-04-08,57.8292150606,8.70299023704,25.8121063411,-52.9465566626
2002-04-09,57.5431163241,8.04141818704,26.3616144769,-55.2323717008
2002-04-10,57.7260409141,6.81725718338,25.1211448983,-54.6815707957
2002-04-11,57.1527170055,7.16448532337,25.7707691414,-55.9799929023
2002-04-12,57.7845210141,4.72944937036,24.9647519988,-55.6634435795
2002-04-13,58.9536126184,6.58022989925,25.2838430181,-55.184425597
2002-04-14,56.2175514992,7.69757454279,26.3196775298,-55.3654201313
2002-04-15,55.9739949456,6.22778757794,25.9133091784,-56.1706261673
2002-04-16,56.6886878758,7.21709097645,25.1456033577,-55.5186650097
2002-04-17,56.9091663713,7.21838963421,24.0425555934,-56.3645771661
2002-04-18,57.32021954,8.05586677352,23.9999083833,-57.5235902219
2002-04-19,56.7779961697,8.28341781474,23.2294390372,-57.8341924305
2002-04-20,56.0605944063,10.0971762473,21.1871523081,-58.4220216949
2002-04-21,56.1556609255,9.45093458506,20.2732921568,-59.0604555083
2002-04-22,58.0588881553,8.54679239394,21.153261337,-59.5507448637
2002-04-23,57.5458333498,8.48542920517,22.9747853985,-60.0165341121
2002-04-24,58.8575628912,7.72673730552,23.5804057729,-60.3702788931
2002-04-25,59.0579661693,8.61815719576,22.3345504973,-60.8344336802
2002-04-26,60.2181714102,7.03123081223,22.82565781,-59.9670360429
2002-04-27,60.811902559,5.22059327768,23.4864887124,-59.2168201987
2002-04-28,61.5894673521,6.01878744156,23.4651192889,-58.604125404
2002-04-29,60.7142631965,5.13587573177,23.1702159259,-58.7405545684
2002-04-30,60.3987095176,3.66567094645,22.8237677485,-57.3016843279
2002-05-01,60.2188152283,1.69703450872,21.1394886363,-55.8203180909
2002-05-02,59.5165132503,2.86151073255,22.6206277104,-57.2869338687
2002-05-03,59.8068099089,4.66966467512,22.1303109382,-56.0433135953
2002-05-04,59.1543009805,3.63643709728,22.4285985311,-56.2933392171
2002-05-05,60.0518608037,4.34054144528,23.7217122157,-56.4802741997
2002-05-06,60.1419098434,6.01025819558,24.7644929166,-56.4044120425
2002-05-07,59.815856522,4.42572184865,25.4383808049,-56.9053989635
2002-05-08,60.8369753402,4.56153167367,26.0972570646,-56.5580779761
2002-05-09,59.6371994487,4.69745664444,26.072059057,-57.5190850247
2002-05-10,59.5887058798,4.99022698649,26.0112354163,-57.9475822307
2002-05-11,59.4540211961,4.92149636407,26.3325051755,-58.807646825
2002-05-12,59.7520994189,3.97042777496,27.2677823607,-57.2207845697
2002-05-13,61.4007766821,2.64012000777,27.3261701369,-56.9623866401
2002-05-14,60.3228973982,1.84666201993,26.1632006176,-58.1020910264
2002-05-15,60.4570440555,1.01161749654,26.5871097408,-58.2733132483
2002-05-16,61.9111147425,2.30917669813,27.6354856394,-59.0467991135
2002-05-17,61.6098083731,1.04440484166,27.5264050004,-58.7908341866
2002-05-18,61.7366951014,1.5425208238,27.3345664172,-57.5378887373
2002-05-19,62.6602972763,2.33083412048,27.130830686,-56.4825325596
2002-05-20,62.5446742183,4.57986220516,28.4375301021,-55.6236792795
2002-05-21,62.3796542749,4.34356148112,27.4621760422,-54.9279117835
2002-05-22,62.3507843687,5.53973246857,28.039153751,-54.6711464813
2002-05-23,60.8546119348,6.32360532124,26.8456151266,-54.2871844057
2002-05-24,61.858026728,7.1723975538,25.9410521623,-54.1753407826
2002-05-25,60.4133440632,7.17569314025,26.7160635645,-54.1979354709
2002-05-26,60.5062460908,7.53410116277,27.6295831909,-53.3095056359
2002-05-27,59.6269429842,7.4216993977,27.038544712,-53.0992144272
2002-05-28,57.8186576353,8.3594615189,26.0463386461,-53.5499017736
2002-05-29,58.5482097047,8.05358852455,26.8141249619,-52.3790766897
2002-05-30,60.6457015275,8.15780879327,26.8196739017,-51.5951393997
2002-05-31,60.3738511358,9.48501300662,27.0046576628,-51.3993992941
2002-06-01,61.1133215568,10.0407779646,27.2768259098,-51.4134699448
2002-06-02,60.6670562868,10.7670374581,29.1649332983,-50.4928806011
2002-06-03,60.2924051888,11.5242032809,30.335453352,-50.6287494755
2002-06-04,60.4237147675,10.4112719044,30.3711905734,-50.5974325121
2002-06-05,59.8003833512,11.0949038222,30.7266987557,-50.820396419
2002-06-06,61.8265651281,11.0012625049,30.8007865844,-52.4130587857
2002-06-07,61.5878636303,10.3999813796,32.3598251724,-52.4513894397
2002-06-08,61.1237995047,9.21434162599,30.7934287168,-52.4192623953
2002-06-09,62.9554677355,10.0809457196,31.337665859,-52.7427986921
2002-06-10,62.8225616614,10.1416559072,31.2921996446,-53.3638479218
2002-06-11,61.5881290899,10.1710406002,30.9140812463,-53.4486996573
2002-06-12,62.8835074435,8.57392556297,32.0622919276,-52.7395725049
2002-06-13,62.4140046326,7.91634081721,31.5577196938,-52.199328481
2002-06-14,61.4341615363,10.4981974517,31.4073365758,-53.8431809019
2002-06-15,62.2577449221,11.7028838626,32.5530641166,-52.4623449863
2002-06-16,63.3485129745,12.1577534424,32.6140472604,-53.9217679952
2002-06-17,64.5812550132,12.7348142245,31.5622703985,-53.3577599714
2002-06-18,64.2980487896,12.0256851215,29.7696203107,-52.2528954698
2002-06-19,65.2257953755,12.903806765,31.1863069765,-52.9425508657
2002-06-20,65.6426932029,12.6453799914,31.2660242035,-54.505427378
2002-06-21,64.986663931,13.2929628294,29.8201062999,-55.52780684
2002-06-22,63.6235662426,14.463732904,27.8335809086,-53.835510831
2002-06-23,63.7550971324,14.2721678209,26.3300645982,-53.9544901902
2002-06-24,64.1784215526,14.1448075433,28.1313757828,-53.9544385328
2002-06-25,64.6186080424,14.1252407382,29.5875870344,-53.765968047
2002-06-26,67.1441103371,14.3125241772,28.5954031899,-53.6928196786
2002-06-27,68.1615529071,13.0879238172,27.6538978022,-53.5204904516
2002-06-28,67.2317766039,12.7615415086,27.6772358842,-54.2321352768
2002-06-29,66.7831371408,11.3669517588,26.1258205914,-54.3471055555
2002-06-30,67.4794841766,12.2372744965,27.0128374672,-54.717619179
2002-07-01,68.1255551209,12.8757403326,26.1515170576,-55.9853640522
2002-07-02,66.2269000466,11.2402556227,26.2838276819,-55.8475713625
2002-07-03,64.6197101779,11.0499405845,26.5634684012,-56.7952349856
2002-07-04,63.0715063047,10.9521499943,25.6588772362,-56.9537985175
2002-07-05,63.5314541557,10.1296082081,25.6547768013,-56.1387659212
2002-07-06,62.6977330779,9.3443230222,25.6802858465,-54.9860925465
2002-07-07,61.971991228,10.2767304441,26.4572675449,-56.5188280596
2002-07-08,60.3952849631,8.36606245229,26.8608662843,-56.5240349763
2002-07-09,61.0845606657,7.92960807686,27.4977916862,-56.0759806956
2002-07-10,60.7710971023,7.68574595453,27.4058029868,-56.9308755245
2002-07-11,61.5960932165,7.52114228486,27.6147235411,-54.2323809194
2002-07-12,62.3847533811,8.50453828487,27.285813802,-53.4633470933
2002-07-13,62.1493756366,10.0355673387,26.9660136517,-53.4009671231
2002-07-14,61.5094122074,8.90775266301,25.5830580098,-53.8960027589
2002-07-15,61.8312475215,9.01551011294,25.967184564,-54.6610339534
2002-07-16,60.9821240825,9.35022312769,25.6863842045,-53.6410350186
2002-07-17,60.9999594581,8.59775010398,24.6317318552,-54.0781213354
2002-07-18,59.5825589486,9.41719871151,25.5556429365,-53.9691479111
2002-07-19,60.1605899395,6.60816809079,25.7815284975,-53.8589301399
2002-07-20,60.1386212663,5.45156761211,23.736338168,-54.0449546891
2002-07-21,58.1783119281,3.20722275128,22.5804015195,-53.0845886017
2002-07-22,58.5707186926,2.06692137173,24.1138685516,-52.5413564972
2002-07-23,58.374837034,2.43679250739,24.2931728952,-50.6406266595
2002-07-24,59.7194939384,0.87483716791,22.8250203633,-49.297510129
2002-07-25,59.3125121298,3.03936608035,23.3948259771,-49.4180932977
2002-07-26,61.2256551533,3.22651364921,24.7248753625,-49.6778879564
2002-07-27,63.3902092977,3.10393724886,24.593845355,-50.8383399176
2002-07-28,63.359623757,4.39393922839,23.1140884698,-49.9761041594
2002-07-29,62.9660970919,2.71697497082,25.0369552362,-49.0000796008
2002-07-30,63.5476960464,0.827601984371,25.0192561931,-48.3889745381
2002-07-31,62.6098802807,2.01576184582,25.183910414,-46.5570856973
2002-08-01,63.6846880502,2.34928703833,24.4647387198,-46.2119508398
2002-08-02,65.1002666678,2.05916823456,22.7649274404,-45.4905973517
2002-08-03,64.7293935815,4.01749323139,21.4380968192,-45.5225404493
2002-08-04,65.7017428935,2.43881271135,20.6749689329,-44.8275779696
2002-08-05,65.4944297387,1.11013454276,20.2940208269,-46.5429300583
2002-08-06,67.2832967023,2.9290675643,17.8158794252,-48.5358778378
2002-08-07,67.2474657023,2.41085669736,17.3770416605,-48.8631207472
2002-08-08,68.6350471709,0.93742016726,16.4722426706,-49.9516123812
2002-08-09,68.2224244869,1.36519832923,16.2338822009,-49.7705839032
2002-08-10,67.2977300294,0.92729306864,15.9270306917,-50.1562337902
2002-08-11,66.967098063,0.486511769132,17.3190476066,-49.9640579252
2002-08-12,68.4181742592,0.987130046079,17.7007531474,-48.8868413523
2002-08-13,67.5352381965,0.342332255824,17.0455935333,-50.0333834708
2002-08-14,67.2929809582,1.70878124246,17.5113772324,-49.2137084958
2002-08-15,67.5207829828,3.41623983004,16.6038250914,-49.7137612059
2002-08-16,66.2937118591,3.34351985033,14.8560129604,-50.0289229845
2002-08-17,66.5119106414,3.02034976393,15.8504611123,-49.5043982457
2002-08-18,66.2599459669,3.60052446939,16.7663769829,-50.8646896706
2002-08-19,65.2286546179,3.57787183583,17.6718580789,-50.4790234383
2002-08-20,65.9843162695,3.93793794847,17.2377462901,-50.5698296783
2002-08-21,64.6767832742,3.54288120464,17.5425947109,-51.0254456931
2002-08-22,66.0251318042,2.8942557785,17.9568960742,-49.6095992987
2002-08-23,65.4296617484,3.04171920071,17.6753855778,-48.9376830881
2002-08-24,65.8803774321,2.27076478429,18.6133953691,-47.5653383947
2002-08-25,65.9233756102,1.0530102584,18.9244199804,-47.6123430288
2002-08-26,66.0248381771,2.45546188845,19.4855237389,-46.4605799062
2002-08-27,66.2913825844,1.79413503838,18.5641628101,-45.5015667793
2002-08-28,65.9889913271,1.55237749569,17.3399832813,-44.5362670227
2002-08-29,64.7533565549,2.11826546908,17.5969282929,-44.2179115607
2002-08-30,63.7114556713,1.58374674946,17.5088218616,-44.8293199924
2002-08-31,61.8502577579,2.2477173545,16.1689203231,-45.2336431613
2002-09-01,62.2365156928,1.05836840181,15.6913324259,-46.14631867
2002-09-02,61.4303257531,0.903781305579,15.1604031182,-47.4338976011
2002-09-03,60.6976078496,1.46070842775,15.5259671409,-48.9412271446
2002-09-04,59.7875225563,3.97039258648,17.1191993539,-48.8098096324
2002-09-05,60.351725232,3.38156247379,18.6786463821,-50.5276731837
2002-09-06,60.4917049675,1.78810318094,18.9615152857,-50.8657901755
2002-09-07,59.4494353208,3.24539186078,19.8061860674,-52.174075393
2002-09-08,59.786721156,2.77228132735,21.0476342184,-52.3336101665
2002-09-09,60.5541857415,1.38507866045,23.2609482453,-52.0118623728
2002-09-10,59.6212267048,1.5245823601,22.7696280663,-51.5192987549
2002-09-11,60.1397585068,1.50523332419,21.7330436446,-52.4625697288
2002-09-12,59.4091364965,1.34743376927,21.7920545505,-51.4788160942
2002-09-13,60.1610126571,2.76246276719,20.3601338298,-50.3925659842
2002-09-14,60.5261072738,2.40193559398,18.4637409575,-52.0336916992
2002-09-15,59.4636249171,1.99649798644,18.1121747227,-51.9433015382
2002-09-16,60.6283367176,2.5961228437,19.578499861,-53.2930894238
2002-09-17,59.3023136199,4.28001800118,18.3454587701,-53.9393717506
2002-09-18,59.6839621064,3.62964209433,17.9837815689,-54.5970160615
2002-09-19,60.0027252415,4.44322742248,17.3059885426,-55.1660844597
2002-09-20,59.6822300611,4.70670574722,16.4775302869,-55.7021847052
2002-09-21,58.5516124148,4.73820768398,16.5515944247,-57.2604726707
2002-09-22,58.9669913191,4.44742440742,16.627475586,-57.1917687315
2002-09-23,59.9946617671,6.41865835397,14.8541414988,-57.0176310907
2002-09-24,60.1334437662,7.33562676518,16.0350285695,-57.0931690012
2002-09-25,60.1498277449,5.3746995119,15.6668724863,-55.6361426537
2002-09-26,59.3162146573,4.40879015198,15.1957175795,-55.2183063451
